{"cameraMode":{"drawMode":0,"name":"Shaded","section":"Shading Mode"},"sceneLighting":true,"audioPlay":false,"sceneViewState":{"m_AlwaysRefresh":false,"showFog":true,"showSkybox":true,"showFlares":true,"showImageEffects":true,"showParticleSystems":true,"showVisualEffectGraphs":true,"m_FxEnabled":true},"in2DMode":false,"pivot":{"x":0.4181879162788391,"y":0.00809718482196331,"z":1.7893269062042237},"rotation":{"x":0.2071656435728073,"y":0.03345251828432083,"z":-0.007087989244610071,"w":0.9777113199234009},"size":4.798105716705322,"orthographic":false}