{"cameraMode":{"drawMode":0,"name":"Shaded","section":"Shading Mode"},"sceneLighting":true,"audioPlay":false,"sceneViewState":{"m_AlwaysRefresh":false,"showFog":true,"showSkybox":true,"showFlares":true,"showImageEffects":true,"showParticleSystems":true,"showVisualEffectGraphs":true,"m_FxEnabled":true},"in2DMode":false,"pivot":{"x":0.5806016325950623,"y":-1.070346474647522,"z":-0.2946699261665344},"rotation":{"x":-0.2141520231962204,"y":0.13053716719150544,"z":-0.028890244662761689,"w":-0.9676094651222229},"size":4.957566738128662,"orthographic":false}