{"cameraMode":{"drawMode":0,"name":"Shaded","section":"Shading Mode"},"sceneLighting":true,"audioPlay":false,"sceneViewState":{"m_AlwaysRefresh":false,"showFog":true,"showSkybox":true,"showFlares":true,"showImageEffects":true,"showParticleSystems":true,"showVisualEffectGraphs":true,"m_FxEnabled":true},"in2DMode":false,"pivot":{"x":-0.5499999523162842,"y":1.3549455404281617,"z":-1.1837139129638672},"rotation":{"x":-0.09099864214658737,"y":0.12128150463104248,"z":-0.011165274307131768,"w":-0.9883773326873779},"size":1.5347670316696168,"orthographic":false}